{
  "DG6TzGH_1eY": {
    "user_name": "Florencia Viadana",
    "user_url": "https://unsplash.com/@florenciaviadana?utm_source=unsample&utm_medium=referral&utm_campaign=api-credit",
    "photo_url": "https://unsplash.com/photos/DG6TzGH_1eY?utm_source=unsample&utm_medium=referral&utm_campaign=api-credit"
  },
  "ojBd8yB5KDM": {
    "user_name": "Zach Vessels",
    "user_url": "https://unsplash.com/@zvessels55?utm_source=unsample&utm_medium=referral&utm_campaign=api-credit",
    "photo_url": "https://unsplash.com/photos/ojBd8yB5KDM?utm_source=unsample&utm_medium=referral&utm_campaign=api-credit"
  },
  "FbYccpZ5NAA": {
    "user_name": "Mark Fletcher-Brown",
    "user_url": "https://unsplash.com/@boab?utm_source=unsample&utm_medium=referral&utm_campaign=api-credit",
    "photo_url": "https://unsplash.com/photos/FbYccpZ5NAA?utm_source=unsample&utm_medium=referral&utm_campaign=api-credit"
  },
  "i4_pu7MSBFQ": {
    "user_name": "Maximilian Muselmann",
    "user_url": "https://unsplash.com/@muselmaen?utm_source=unsample&utm_medium=referral&utm_campaign=api-credit",
    "photo_url": "https://unsplash.com/photos/i4_pu7MSBFQ?utm_source=unsample&utm_medium=referral&utm_campaign=api-credit"
  },
  "it2R4PYiavw": {
    "user_name": "Aurelien Romain",
    "user_url": "https://unsplash.com/@aurelien_romain?utm_source=unsample&utm_medium=referral&utm_campaign=api-credit",
    "photo_url": "https://unsplash.com/photos/it2R4PYiavw?utm_source=unsample&utm_medium=referral&utm_campaign=api-credit"
  },
  "nVt0rc1MS9s": {
    "user_name": "Charles 🇵🇭",
    "user_url": "https://unsplash.com/@charlesdeluvio?utm_source=unsample&utm_medium=referral&utm_campaign=api-credit",
    "photo_url": "https://unsplash.com/photos/nVt0rc1MS9s?utm_source=unsample&utm_medium=referral&utm_campaign=api-credit"
  },
  "BvlKMRCeND0": {
    "user_name": "Ishan Das",
    "user_url": "https://unsplash.com/@rihan3?utm_source=unsample&utm_medium=referral&utm_campaign=api-credit",
    "photo_url": "https://unsplash.com/photos/BvlKMRCeND0?utm_source=unsample&utm_medium=referral&utm_campaign=api-credit"
  },
  "C2r95T9CTP4": {
    "user_name": "Emmanuél Appiah",
    "user_url": "https://unsplash.com/@exappiah?utm_source=unsample&utm_medium=referral&utm_campaign=api-credit",
    "photo_url": "https://unsplash.com/photos/C2r95T9CTP4?utm_source=unsample&utm_medium=referral&utm_campaign=api-credit"
  },
  "N9RIjPlLLPw": {
    "user_name": "Fernando Maté",
    "user_url": "https://unsplash.com/@ferbcn?utm_source=unsample&utm_medium=referral&utm_campaign=api-credit",
    "photo_url": "https://unsplash.com/photos/N9RIjPlLLPw?utm_source=unsample&utm_medium=referral&utm_campaign=api-credit"
  },
  "hXULVp16O1o": {
    "user_name": "Krista Stucchio",
    "user_url": "https://unsplash.com/@kristastucchio?utm_source=unsample&utm_medium=referral&utm_campaign=api-credit",
    "photo_url": "https://unsplash.com/photos/hXULVp16O1o?utm_source=unsample&utm_medium=referral&utm_campaign=api-credit"
  },
  "YmAQFMpix4g": {
    "user_name": "Adam Morse",
    "user_url": "https://unsplash.com/@mrmrs?utm_source=unsample&utm_medium=referral&utm_campaign=api-credit",
    "photo_url": "https://unsplash.com/photos/YmAQFMpix4g?utm_source=unsample&utm_medium=referral&utm_campaign=api-credit"
  },
  "_5Bz0_VFZag": {
    "user_name": "Nicole Honeywill",
    "user_url": "https://unsplash.com/@nicolehoneywill?utm_source=unsample&utm_medium=referral&utm_campaign=api-credit",
    "photo_url": "https://unsplash.com/photos/_5Bz0_VFZag?utm_source=unsample&utm_medium=referral&utm_campaign=api-credit"
  },
  "PjEUOR34rpI": {
    "user_name": "K. Mitch Hodge",
    "user_url": "https://unsplash.com/@kmitchhodge?utm_source=unsample&utm_medium=referral&utm_campaign=api-credit",
    "photo_url": "https://unsplash.com/photos/PjEUOR34rpI?utm_source=unsample&utm_medium=referral&utm_campaign=api-credit"
  },
  "jAAStStktJA": {
    "user_name": "Lucie Hošová",
    "user_url": "https://unsplash.com/@marjorylucabaxter?utm_source=unsample&utm_medium=referral&utm_campaign=api-credit",
    "photo_url": "https://unsplash.com/photos/jAAStStktJA?utm_source=unsample&utm_medium=referral&utm_campaign=api-credit"
  },
  "z43LsiDj4uQ": {
    "user_name": "Ojo Toluwashe",
    "user_url": "https://unsplash.com/@sickcity?utm_source=unsample&utm_medium=referral&utm_campaign=api-credit",
    "photo_url": "https://unsplash.com/photos/z43LsiDj4uQ?utm_source=unsample&utm_medium=referral&utm_campaign=api-credit"
  },
  "sNeW-Aoeyus": {
    "user_name": "Anders Jacobsen",
    "user_url": "https://unsplash.com/@amjacobsen?utm_source=unsample&utm_medium=referral&utm_campaign=api-credit",
    "photo_url": "https://unsplash.com/photos/sNeW-Aoeyus?utm_source=unsample&utm_medium=referral&utm_campaign=api-credit"
  },
  "eiAXo3gwle4": {
    "user_name": "Spencer Davis",
    "user_url": "https://unsplash.com/@spencerdavis?utm_source=unsample&utm_medium=referral&utm_campaign=api-credit",
    "photo_url": "https://unsplash.com/photos/eiAXo3gwle4?utm_source=unsample&utm_medium=referral&utm_campaign=api-credit"
  },
  "qVjIBN1P-co": {
    "user_name": "Simone Dalmeri",
    "user_url": "https://unsplash.com/@simone_dalmeri?utm_source=unsample&utm_medium=referral&utm_campaign=api-credit",
    "photo_url": "https://unsplash.com/photos/qVjIBN1P-co?utm_source=unsample&utm_medium=referral&utm_campaign=api-credit"
  },
  "kkRsg1l7PIA": {
    "user_name": "Daniel Xu",
    "user_url": "https://unsplash.com/@friendlypeople?utm_source=unsample&utm_medium=referral&utm_campaign=api-credit",
    "photo_url": "https://unsplash.com/photos/kkRsg1l7PIA?utm_source=unsample&utm_medium=referral&utm_campaign=api-credit"
  },
  "H29CwhIV39o": {
    "user_name": "Christopher Jolly",
    "user_url": "https://unsplash.com/@chris_jolly?utm_source=unsample&utm_medium=referral&utm_campaign=api-credit",
    "photo_url": "https://unsplash.com/photos/H29CwhIV39o?utm_source=unsample&utm_medium=referral&utm_campaign=api-credit"
  },
  "d47gL3hJ9qU": {
    "user_name": "Ekaterina Kuznetsova",
    "user_url": "https://unsplash.com/@kutyawka?utm_source=unsample&utm_medium=referral&utm_campaign=api-credit",
    "photo_url": "https://unsplash.com/photos/d47gL3hJ9qU?utm_source=unsample&utm_medium=referral&utm_campaign=api-credit"
  },
  "uWtQ1k67YeE": {
    "user_name": "Mukund Nair",
    "user_url": "https://unsplash.com/@m_k_nd?utm_source=unsample&utm_medium=referral&utm_campaign=api-credit",
    "photo_url": "https://unsplash.com/photos/uWtQ1k67YeE?utm_source=unsample&utm_medium=referral&utm_campaign=api-credit"
  },
  "nxsUBy4v_NQ": {
    "user_name": "Priscilla Du Preez",
    "user_url": "https://unsplash.com/@priscilladupreez?utm_source=unsample&utm_medium=referral&utm_campaign=api-credit",
    "photo_url": "https://unsplash.com/photos/nxsUBy4v_NQ?utm_source=unsample&utm_medium=referral&utm_campaign=api-credit"
  },
  "LniT7cNARvQ": {
    "user_name": "Sharon McCutcheon",
    "user_url": "https://unsplash.com/@sharonmccutcheon?utm_source=unsample&utm_medium=referral&utm_campaign=api-credit",
    "photo_url": "https://unsplash.com/photos/LniT7cNARvQ?utm_source=unsample&utm_medium=referral&utm_campaign=api-credit"
  },
  "nxwPC17OS3Q": {
    "user_name": "Jason Leung",
    "user_url": "https://unsplash.com/@ninjason?utm_source=unsample&utm_medium=referral&utm_campaign=api-credit",
    "photo_url": "https://unsplash.com/photos/nxwPC17OS3Q?utm_source=unsample&utm_medium=referral&utm_campaign=api-credit"
  },
  "WPohwi01X9g": {
    "user_name": "Dylan Mullins",
    "user_url": "https://unsplash.com/@dylanmullins?utm_source=unsample&utm_medium=referral&utm_campaign=api-credit",
    "photo_url": "https://unsplash.com/photos/WPohwi01X9g?utm_source=unsample&utm_medium=referral&utm_campaign=api-credit"
  },
  "hFpVq0WJE8s": {
    "user_name": "Dai Phong",
    "user_url": "https://unsplash.com/@ddanh85?utm_source=unsample&utm_medium=referral&utm_campaign=api-credit",
    "photo_url": "https://unsplash.com/photos/hFpVq0WJE8s?utm_source=unsample&utm_medium=referral&utm_campaign=api-credit"
  },
  "Bu1SYMHi48U": {
    "user_name": "Daniil Kuželev",
    "user_url": "https://unsplash.com/@kuzelevdaniil?utm_source=unsample&utm_medium=referral&utm_campaign=api-credit",
    "photo_url": "https://unsplash.com/photos/Bu1SYMHi48U?utm_source=unsample&utm_medium=referral&utm_campaign=api-credit"
  },
  "A-7HVd0EsgU": {
    "user_name": "Victor Xok",
    "user_url": "https://unsplash.com/@xokvictor?utm_source=unsample&utm_medium=referral&utm_campaign=api-credit",
    "photo_url": "https://unsplash.com/photos/A-7HVd0EsgU?utm_source=unsample&utm_medium=referral&utm_campaign=api-credit"
  },
  "mmT7gTjGl4k": {
    "user_name": "Annie Spratt",
    "user_url": "https://unsplash.com/@anniespratt?utm_source=unsample&utm_medium=referral&utm_campaign=api-credit",
    "photo_url": "https://unsplash.com/photos/mmT7gTjGl4k?utm_source=unsample&utm_medium=referral&utm_campaign=api-credit"
  }
}